gene	mr_id	rg_Tvalue	rg_Pvalue	enhancer	gene_type	utest_Pvalue	expectPvalue	group1_exp_mean	group2_exp_mean	rratio	dmr_KO_vs_P
LSM3	chr3:mr370	-1.6554401085386938	0.2396698286861544		TSS:5000:1000	0.1666666666666666	0.4	7.136587901878109	6.198926791595873	0.1406261598198531	D
PLCL2	chr3:mr564	-1.1030654339395585	0.3849755312456568		TSS:5000:1000	0.1666666666666666	0.3	5.685680292334223	5.039435999673883	0.1205104495028912	D
PPARG	chr3:mr273	0.8166025066040858	0.4999513528934194		TSS:5000:1000	0.8333333333333333	0.8	4.754593242197068	7.644634855037005	-0.466164762866912	D
PPARG	chr3:mr276	0.9252458257826228	0.4525153304365247		TSS:5000:1000	0.6666666666666666	0.8	4.754593242197068	7.644634855037005	-0.466164762866912	D
PPARG	chr3:mr282	2.177341785276983	0.1613701228082873		TSS:5000:1000	1.0	0.1	4.754593242197068	7.644634855037005	-0.466164762866912	D
PPARG	chr3:mr275	1.1294873675018882	0.3759397043824374		TSS:5000:1000	0.8333333333333333	0.8	4.754593242197068	7.644634855037005	-0.466164762866912	D
PPARG	chr3:mr274	1.9325878076546537	0.192994534732007		TSS:5000:1000	0.8333333333333333	0.3	4.754593242197068	7.644634855037005	-0.466164762866912	D
PPARG	chr3:mr283	1.4022958000953174	0.2958915699681286		TSS:5000:1000	1.0	0.7	4.754593242197068	7.644634855037005	-0.466164762866912	D
TRIM32	chr9:mr104	-95.098252018129	0.0001105561498351		TSS:5000:1000	0.1666666666666666	0.0	10.625726293516168	7.680041465072769	0.321831333958807	D
