gene	mr_id	rg_Tvalue	rg_Pvalue	enhancer	gene_type	utest_Pvalue	expectPvalue
Tab2	chr1:mr18	3.4475459730987446	0.008726271916599549	nan	5dist:5000:1000000	0.9960317460317458	0.0
Tab2	chr1:mr16	5.427961748893256	0.0006248518011427828	nan	5dist:5000:1000000	0.9960317460317458	0.0
Tab2	chr1:mr20	3.2731483827925056	0.01130290804320913	nan	5dist:5000:1000000	0.9960317460317458	0.0
