bk_chrs	bk_start_pos	bk_end_pos	block_id	chrs	start_pos	end_pos	new_feature	gene	differential_expression_T_test_p_value
chr18	60986372	60987028	block_0_18_60986372_60987028	chr18	60985613	60991613	chr18:60985613:60991613:NM_000633||TSS:5000:1000	BCL2	5.063653963915952e-05
chr18	60987833	60988302	block_1_18_60987833_60988302	chr18	60985613	60991613	chr18:60985613:60991613:NM_000633||TSS:5000:1000	BCL2	5.063653963915952e-05
